[
    {
        "id":"1",
        "Question":"If A is substituted by 4, B by 3, C by 2, D by 4, E by 3, F by 2 and so on, then what will be total of the numerical values of the letters of the word SICK?",
        "option1":"11",
        "option2":"10",
        "option3":"12",
        "option4":"9",
        "Ans":"11",
        "Explanation":"Total value = 4 + 2 + 2 + 3 = 11."
    },
    {
        "id":"2",
        "Question":"A number of cats got together and decided to kill between them 999919 rats. Every cat killed an equal number of rats. Each cat killed more rats than there were cats. How many rats do you think that each cat killed ?",
        "option1":"1009",
        "option2":"991",
        "option3":"2000",
        "option4":"1000",
        "Ans":"1009",
        "Explanation":"Given total number of rats = 999919.999919 = 1000000 - 81 = (10002 − 92) = (1000+9)(1000-9) = 1009 x 991.Since there were more rats than there were cats, 991 cats killed 1009 rats each."
    },
    {
        "id":"3",
        "Question":"How many times can you subtract 10 from 100?",
        "option1":"9",
        "option2":"10",
        "option3":"1",
        "option4":"0",
        "Ans":"1",
        "Explanation":"How many times can you subtract 10 from 100, for this if we go through logically, it is only 1 time. For the first time if we subtract 10 from 100, then there will no 100 to subtract from.Hence, it is only 1 time we can subtract 10 from 100."
    },
    {
        "id":"4",
        "Question":"2+3=8..3+7=27..4+5=32..5+8=60..6+7=72..7+8=??",
        "option1":"86",
        "option2":"98",
        "option3":"104",
        "option4":"112",
        "Ans":"98",
        "Explanation":"Here the answer is 98.The logic in the given puzzle:2+3 = 8,3+7 = (7+2)x3 = 27,4+5 = (5+3)x4 = 32,5+8 = (8+4)x5 = 60,6+7 = (7+5)x6 = 72.Similarly, 7+8 = (8+6)x7 = 98."
    },
    {
        "id":"5",
        "Question":"How many letters of the word FAINTS, will their order in the word and that when the letters are arranged in the alphabetical order, remain the same?",
        "option1":"two",
        "option2":"one",
        "option3":"three",
        "option4":"nil",
        "Ans":"two",
        "Explanation":"When the letters are arranged in the alphabetical order, two remains the same."
    },
    {
        "id":"6",
        "Question":"In a Certain Country 1/2 of 5 = 3. If the same proportion holds, what is the value of 1/3 of 10 ?",
        "option1":"4",
        "option2":"6",
        "option3":"8",
        "option4":"10",
        "Ans":"4",
        "Explanation":"Let 13(10) = x => 3x = 10.Given that 12(5)=3.Therefore, 52x = 10 => x = 10/3 = 4."
    }


]